comparison_id	left_gene_set	right_gene_set	gene_symbol	status
schema_2022_exomewide_10__vs__schema_phase2_2026-08-21_bonferroni	schema_2022_exomewide_10	schema_phase2_2026-08-21_bonferroni	ATP1A1	gained
schema_2022_exomewide_10__vs__schema_phase2_2026-08-21_bonferroni	schema_2022_exomewide_10	schema_phase2_2026-08-21_bonferroni	ATP9A	gained
schema_2022_exomewide_10__vs__schema_phase2_2026-08-21_bonferroni	schema_2022_exomewide_10	schema_phase2_2026-08-21_bonferroni	CACNA1G	lost
schema_2022_exomewide_10__vs__schema_phase2_2026-08-21_bonferroni	schema_2022_exomewide_10	schema_phase2_2026-08-21_bonferroni	CHRM4	gained
schema_2022_exomewide_10__vs__schema_phase2_2026-08-21_bonferroni	schema_2022_exomewide_10	schema_phase2_2026-08-21_bonferroni	CUL1	shared
schema_2022_exomewide_10__vs__schema_phase2_2026-08-21_bonferroni	schema_2022_exomewide_10	schema_phase2_2026-08-21_bonferroni	FYN	gained
schema_2022_exomewide_10__vs__schema_phase2_2026-08-21_bonferroni	schema_2022_exomewide_10	schema_phase2_2026-08-21_bonferroni	GRIA3	lost
schema_2022_exomewide_10__vs__schema_phase2_2026-08-21_bonferroni	schema_2022_exomewide_10	schema_phase2_2026-08-21_bonferroni	GRIN2A	lost
schema_2022_exomewide_10__vs__schema_phase2_2026-08-21_bonferroni	schema_2022_exomewide_10	schema_phase2_2026-08-21_bonferroni	HDAC9	gained
schema_2022_exomewide_10__vs__schema_phase2_2026-08-21_bonferroni	schema_2022_exomewide_10	schema_phase2_2026-08-21_bonferroni	HERC1	shared
schema_2022_exomewide_10__vs__schema_phase2_2026-08-21_bonferroni	schema_2022_exomewide_10	schema_phase2_2026-08-21_bonferroni	JARID2	gained
schema_2022_exomewide_10__vs__schema_phase2_2026-08-21_bonferroni	schema_2022_exomewide_10	schema_phase2_2026-08-21_bonferroni	PPP3CA	gained
schema_2022_exomewide_10__vs__schema_phase2_2026-08-21_bonferroni	schema_2022_exomewide_10	schema_phase2_2026-08-21_bonferroni	PTK2	gained
schema_2022_exomewide_10__vs__schema_phase2_2026-08-21_bonferroni	schema_2022_exomewide_10	schema_phase2_2026-08-21_bonferroni	RB1CC1	shared
schema_2022_exomewide_10__vs__schema_phase2_2026-08-21_bonferroni	schema_2022_exomewide_10	schema_phase2_2026-08-21_bonferroni	SCAF1	gained
schema_2022_exomewide_10__vs__schema_phase2_2026-08-21_bonferroni	schema_2022_exomewide_10	schema_phase2_2026-08-21_bonferroni	SCN2A	gained
schema_2022_exomewide_10__vs__schema_phase2_2026-08-21_bonferroni	schema_2022_exomewide_10	schema_phase2_2026-08-21_bonferroni	SETD1A	shared
schema_2022_exomewide_10__vs__schema_phase2_2026-08-21_bonferroni	schema_2022_exomewide_10	schema_phase2_2026-08-21_bonferroni	SP4	shared
schema_2022_exomewide_10__vs__schema_phase2_2026-08-21_bonferroni	schema_2022_exomewide_10	schema_phase2_2026-08-21_bonferroni	STAG1	gained
schema_2022_exomewide_10__vs__schema_phase2_2026-08-21_bonferroni	schema_2022_exomewide_10	schema_phase2_2026-08-21_bonferroni	TRIO	shared
schema_2022_exomewide_10__vs__schema_phase2_2026-08-21_bonferroni	schema_2022_exomewide_10	schema_phase2_2026-08-21_bonferroni	XPO7	shared
schema_2022_exomewide_10__vs__schema_phase2_2026-08-21_bonferroni	schema_2022_exomewide_10	schema_phase2_2026-08-21_bonferroni	ZMYM2	gained
schema_phase2_2026-04-23_bonferroni__vs__schema_phase2_2026-05-07_bonferroni	schema_phase2_2026-04-23_bonferroni	schema_phase2_2026-05-07_bonferroni	ATP1A1	shared
schema_phase2_2026-04-23_bonferroni__vs__schema_phase2_2026-05-07_bonferroni	schema_phase2_2026-04-23_bonferroni	schema_phase2_2026-05-07_bonferroni	ATP9A	shared
schema_phase2_2026-04-23_bonferroni__vs__schema_phase2_2026-05-07_bonferroni	schema_phase2_2026-04-23_bonferroni	schema_phase2_2026-05-07_bonferroni	CHRM4	shared
schema_phase2_2026-04-23_bonferroni__vs__schema_phase2_2026-05-07_bonferroni	schema_phase2_2026-04-23_bonferroni	schema_phase2_2026-05-07_bonferroni	CUL1	shared
schema_phase2_2026-04-23_bonferroni__vs__schema_phase2_2026-05-07_bonferroni	schema_phase2_2026-04-23_bonferroni	schema_phase2_2026-05-07_bonferroni	FYN	shared
schema_phase2_2026-04-23_bonferroni__vs__schema_phase2_2026-05-07_bonferroni	schema_phase2_2026-04-23_bonferroni	schema_phase2_2026-05-07_bonferroni	HDAC9	shared
schema_phase2_2026-04-23_bonferroni__vs__schema_phase2_2026-05-07_bonferroni	schema_phase2_2026-04-23_bonferroni	schema_phase2_2026-05-07_bonferroni	HERC1	shared
schema_phase2_2026-04-23_bonferroni__vs__schema_phase2_2026-05-07_bonferroni	schema_phase2_2026-04-23_bonferroni	schema_phase2_2026-05-07_bonferroni	JARID2	shared
schema_phase2_2026-04-23_bonferroni__vs__schema_phase2_2026-05-07_bonferroni	schema_phase2_2026-04-23_bonferroni	schema_phase2_2026-05-07_bonferroni	PPP3CA	shared
schema_phase2_2026-04-23_bonferroni__vs__schema_phase2_2026-05-07_bonferroni	schema_phase2_2026-04-23_bonferroni	schema_phase2_2026-05-07_bonferroni	PTK2	shared
schema_phase2_2026-04-23_bonferroni__vs__schema_phase2_2026-05-07_bonferroni	schema_phase2_2026-04-23_bonferroni	schema_phase2_2026-05-07_bonferroni	RB1CC1	shared
schema_phase2_2026-04-23_bonferroni__vs__schema_phase2_2026-05-07_bonferroni	schema_phase2_2026-04-23_bonferroni	schema_phase2_2026-05-07_bonferroni	SCAF1	shared
schema_phase2_2026-04-23_bonferroni__vs__schema_phase2_2026-05-07_bonferroni	schema_phase2_2026-04-23_bonferroni	schema_phase2_2026-05-07_bonferroni	SCN2A	shared
schema_phase2_2026-04-23_bonferroni__vs__schema_phase2_2026-05-07_bonferroni	schema_phase2_2026-04-23_bonferroni	schema_phase2_2026-05-07_bonferroni	SETD1A	shared
schema_phase2_2026-04-23_bonferroni__vs__schema_phase2_2026-05-07_bonferroni	schema_phase2_2026-04-23_bonferroni	schema_phase2_2026-05-07_bonferroni	SP4	shared
schema_phase2_2026-04-23_bonferroni__vs__schema_phase2_2026-05-07_bonferroni	schema_phase2_2026-04-23_bonferroni	schema_phase2_2026-05-07_bonferroni	STAG1	shared
schema_phase2_2026-04-23_bonferroni__vs__schema_phase2_2026-05-07_bonferroni	schema_phase2_2026-04-23_bonferroni	schema_phase2_2026-05-07_bonferroni	TRIO	shared
schema_phase2_2026-04-23_bonferroni__vs__schema_phase2_2026-05-07_bonferroni	schema_phase2_2026-04-23_bonferroni	schema_phase2_2026-05-07_bonferroni	XPO7	shared
schema_phase2_2026-04-23_bonferroni__vs__schema_phase2_2026-05-07_bonferroni	schema_phase2_2026-04-23_bonferroni	schema_phase2_2026-05-07_bonferroni	ZMYM2	shared
schema_phase2_2026-05-07_bonferroni__vs__schema_phase2_2026-05-26_bonferroni	schema_phase2_2026-05-07_bonferroni	schema_phase2_2026-05-26_bonferroni	ATP1A1	shared
schema_phase2_2026-05-07_bonferroni__vs__schema_phase2_2026-05-26_bonferroni	schema_phase2_2026-05-07_bonferroni	schema_phase2_2026-05-26_bonferroni	ATP9A	shared
schema_phase2_2026-05-07_bonferroni__vs__schema_phase2_2026-05-26_bonferroni	schema_phase2_2026-05-07_bonferroni	schema_phase2_2026-05-26_bonferroni	CHRM4	shared
schema_phase2_2026-05-07_bonferroni__vs__schema_phase2_2026-05-26_bonferroni	schema_phase2_2026-05-07_bonferroni	schema_phase2_2026-05-26_bonferroni	CUL1	shared
schema_phase2_2026-05-07_bonferroni__vs__schema_phase2_2026-05-26_bonferroni	schema_phase2_2026-05-07_bonferroni	schema_phase2_2026-05-26_bonferroni	FYN	shared
schema_phase2_2026-05-07_bonferroni__vs__schema_phase2_2026-05-26_bonferroni	schema_phase2_2026-05-07_bonferroni	schema_phase2_2026-05-26_bonferroni	HDAC9	shared
schema_phase2_2026-05-07_bonferroni__vs__schema_phase2_2026-05-26_bonferroni	schema_phase2_2026-05-07_bonferroni	schema_phase2_2026-05-26_bonferroni	HERC1	shared
schema_phase2_2026-05-07_bonferroni__vs__schema_phase2_2026-05-26_bonferroni	schema_phase2_2026-05-07_bonferroni	schema_phase2_2026-05-26_bonferroni	JARID2	shared
schema_phase2_2026-05-07_bonferroni__vs__schema_phase2_2026-05-26_bonferroni	schema_phase2_2026-05-07_bonferroni	schema_phase2_2026-05-26_bonferroni	PPP3CA	shared
schema_phase2_2026-05-07_bonferroni__vs__schema_phase2_2026-05-26_bonferroni	schema_phase2_2026-05-07_bonferroni	schema_phase2_2026-05-26_bonferroni	PTK2	shared
schema_phase2_2026-05-07_bonferroni__vs__schema_phase2_2026-05-26_bonferroni	schema_phase2_2026-05-07_bonferroni	schema_phase2_2026-05-26_bonferroni	RB1CC1	shared
schema_phase2_2026-05-07_bonferroni__vs__schema_phase2_2026-05-26_bonferroni	schema_phase2_2026-05-07_bonferroni	schema_phase2_2026-05-26_bonferroni	SCAF1	shared
schema_phase2_2026-05-07_bonferroni__vs__schema_phase2_2026-05-26_bonferroni	schema_phase2_2026-05-07_bonferroni	schema_phase2_2026-05-26_bonferroni	SCN2A	shared
schema_phase2_2026-05-07_bonferroni__vs__schema_phase2_2026-05-26_bonferroni	schema_phase2_2026-05-07_bonferroni	schema_phase2_2026-05-26_bonferroni	SETD1A	shared
schema_phase2_2026-05-07_bonferroni__vs__schema_phase2_2026-05-26_bonferroni	schema_phase2_2026-05-07_bonferroni	schema_phase2_2026-05-26_bonferroni	SP4	shared
schema_phase2_2026-05-07_bonferroni__vs__schema_phase2_2026-05-26_bonferroni	schema_phase2_2026-05-07_bonferroni	schema_phase2_2026-05-26_bonferroni	STAG1	shared
schema_phase2_2026-05-07_bonferroni__vs__schema_phase2_2026-05-26_bonferroni	schema_phase2_2026-05-07_bonferroni	schema_phase2_2026-05-26_bonferroni	TRIO	shared
schema_phase2_2026-05-07_bonferroni__vs__schema_phase2_2026-05-26_bonferroni	schema_phase2_2026-05-07_bonferroni	schema_phase2_2026-05-26_bonferroni	XPO7	shared
schema_phase2_2026-05-07_bonferroni__vs__schema_phase2_2026-05-26_bonferroni	schema_phase2_2026-05-07_bonferroni	schema_phase2_2026-05-26_bonferroni	ZMYM2	shared
schema_phase2_2026-05-26_bonferroni__vs__schema_phase2_2026-07-15_bonferroni	schema_phase2_2026-05-26_bonferroni	schema_phase2_2026-07-15_bonferroni	ATP1A1	shared
schema_phase2_2026-05-26_bonferroni__vs__schema_phase2_2026-07-15_bonferroni	schema_phase2_2026-05-26_bonferroni	schema_phase2_2026-07-15_bonferroni	ATP9A	shared
schema_phase2_2026-05-26_bonferroni__vs__schema_phase2_2026-07-15_bonferroni	schema_phase2_2026-05-26_bonferroni	schema_phase2_2026-07-15_bonferroni	CHRM4	shared
schema_phase2_2026-05-26_bonferroni__vs__schema_phase2_2026-07-15_bonferroni	schema_phase2_2026-05-26_bonferroni	schema_phase2_2026-07-15_bonferroni	CUL1	shared
schema_phase2_2026-05-26_bonferroni__vs__schema_phase2_2026-07-15_bonferroni	schema_phase2_2026-05-26_bonferroni	schema_phase2_2026-07-15_bonferroni	FYN	shared
schema_phase2_2026-05-26_bonferroni__vs__schema_phase2_2026-07-15_bonferroni	schema_phase2_2026-05-26_bonferroni	schema_phase2_2026-07-15_bonferroni	HDAC9	shared
schema_phase2_2026-05-26_bonferroni__vs__schema_phase2_2026-07-15_bonferroni	schema_phase2_2026-05-26_bonferroni	schema_phase2_2026-07-15_bonferroni	HERC1	shared
schema_phase2_2026-05-26_bonferroni__vs__schema_phase2_2026-07-15_bonferroni	schema_phase2_2026-05-26_bonferroni	schema_phase2_2026-07-15_bonferroni	JARID2	shared
schema_phase2_2026-05-26_bonferroni__vs__schema_phase2_2026-07-15_bonferroni	schema_phase2_2026-05-26_bonferroni	schema_phase2_2026-07-15_bonferroni	PPP3CA	shared
schema_phase2_2026-05-26_bonferroni__vs__schema_phase2_2026-07-15_bonferroni	schema_phase2_2026-05-26_bonferroni	schema_phase2_2026-07-15_bonferroni	PTK2	shared
schema_phase2_2026-05-26_bonferroni__vs__schema_phase2_2026-07-15_bonferroni	schema_phase2_2026-05-26_bonferroni	schema_phase2_2026-07-15_bonferroni	RB1CC1	shared
schema_phase2_2026-05-26_bonferroni__vs__schema_phase2_2026-07-15_bonferroni	schema_phase2_2026-05-26_bonferroni	schema_phase2_2026-07-15_bonferroni	SCAF1	shared
schema_phase2_2026-05-26_bonferroni__vs__schema_phase2_2026-07-15_bonferroni	schema_phase2_2026-05-26_bonferroni	schema_phase2_2026-07-15_bonferroni	SCN2A	shared
schema_phase2_2026-05-26_bonferroni__vs__schema_phase2_2026-07-15_bonferroni	schema_phase2_2026-05-26_bonferroni	schema_phase2_2026-07-15_bonferroni	SETD1A	shared
schema_phase2_2026-05-26_bonferroni__vs__schema_phase2_2026-07-15_bonferroni	schema_phase2_2026-05-26_bonferroni	schema_phase2_2026-07-15_bonferroni	SP4	shared
schema_phase2_2026-05-26_bonferroni__vs__schema_phase2_2026-07-15_bonferroni	schema_phase2_2026-05-26_bonferroni	schema_phase2_2026-07-15_bonferroni	STAG1	shared
schema_phase2_2026-05-26_bonferroni__vs__schema_phase2_2026-07-15_bonferroni	schema_phase2_2026-05-26_bonferroni	schema_phase2_2026-07-15_bonferroni	TRIO	shared
schema_phase2_2026-05-26_bonferroni__vs__schema_phase2_2026-07-15_bonferroni	schema_phase2_2026-05-26_bonferroni	schema_phase2_2026-07-15_bonferroni	XPO7	shared
schema_phase2_2026-05-26_bonferroni__vs__schema_phase2_2026-07-15_bonferroni	schema_phase2_2026-05-26_bonferroni	schema_phase2_2026-07-15_bonferroni	ZMYM2	shared
schema_phase2_2026-07-15_bonferroni__vs__schema_phase2_2026-08-07_bonferroni	schema_phase2_2026-07-15_bonferroni	schema_phase2_2026-08-07_bonferroni	ATP1A1	shared
schema_phase2_2026-07-15_bonferroni__vs__schema_phase2_2026-08-07_bonferroni	schema_phase2_2026-07-15_bonferroni	schema_phase2_2026-08-07_bonferroni	ATP9A	shared
schema_phase2_2026-07-15_bonferroni__vs__schema_phase2_2026-08-07_bonferroni	schema_phase2_2026-07-15_bonferroni	schema_phase2_2026-08-07_bonferroni	CHRM4	shared
schema_phase2_2026-07-15_bonferroni__vs__schema_phase2_2026-08-07_bonferroni	schema_phase2_2026-07-15_bonferroni	schema_phase2_2026-08-07_bonferroni	CUL1	shared
schema_phase2_2026-07-15_bonferroni__vs__schema_phase2_2026-08-07_bonferroni	schema_phase2_2026-07-15_bonferroni	schema_phase2_2026-08-07_bonferroni	FYN	shared
schema_phase2_2026-07-15_bonferroni__vs__schema_phase2_2026-08-07_bonferroni	schema_phase2_2026-07-15_bonferroni	schema_phase2_2026-08-07_bonferroni	HDAC9	shared
schema_phase2_2026-07-15_bonferroni__vs__schema_phase2_2026-08-07_bonferroni	schema_phase2_2026-07-15_bonferroni	schema_phase2_2026-08-07_bonferroni	HERC1	shared
schema_phase2_2026-07-15_bonferroni__vs__schema_phase2_2026-08-07_bonferroni	schema_phase2_2026-07-15_bonferroni	schema_phase2_2026-08-07_bonferroni	JARID2	shared
schema_phase2_2026-07-15_bonferroni__vs__schema_phase2_2026-08-07_bonferroni	schema_phase2_2026-07-15_bonferroni	schema_phase2_2026-08-07_bonferroni	PPP3CA	shared
schema_phase2_2026-07-15_bonferroni__vs__schema_phase2_2026-08-07_bonferroni	schema_phase2_2026-07-15_bonferroni	schema_phase2_2026-08-07_bonferroni	PTK2	shared
schema_phase2_2026-07-15_bonferroni__vs__schema_phase2_2026-08-07_bonferroni	schema_phase2_2026-07-15_bonferroni	schema_phase2_2026-08-07_bonferroni	RB1CC1	shared
schema_phase2_2026-07-15_bonferroni__vs__schema_phase2_2026-08-07_bonferroni	schema_phase2_2026-07-15_bonferroni	schema_phase2_2026-08-07_bonferroni	SCAF1	shared
schema_phase2_2026-07-15_bonferroni__vs__schema_phase2_2026-08-07_bonferroni	schema_phase2_2026-07-15_bonferroni	schema_phase2_2026-08-07_bonferroni	SCN2A	shared
schema_phase2_2026-07-15_bonferroni__vs__schema_phase2_2026-08-07_bonferroni	schema_phase2_2026-07-15_bonferroni	schema_phase2_2026-08-07_bonferroni	SETD1A	shared
schema_phase2_2026-07-15_bonferroni__vs__schema_phase2_2026-08-07_bonferroni	schema_phase2_2026-07-15_bonferroni	schema_phase2_2026-08-07_bonferroni	SP4	shared
schema_phase2_2026-07-15_bonferroni__vs__schema_phase2_2026-08-07_bonferroni	schema_phase2_2026-07-15_bonferroni	schema_phase2_2026-08-07_bonferroni	STAG1	shared
schema_phase2_2026-07-15_bonferroni__vs__schema_phase2_2026-08-07_bonferroni	schema_phase2_2026-07-15_bonferroni	schema_phase2_2026-08-07_bonferroni	TRIO	shared
schema_phase2_2026-07-15_bonferroni__vs__schema_phase2_2026-08-07_bonferroni	schema_phase2_2026-07-15_bonferroni	schema_phase2_2026-08-07_bonferroni	XPO7	shared
schema_phase2_2026-07-15_bonferroni__vs__schema_phase2_2026-08-07_bonferroni	schema_phase2_2026-07-15_bonferroni	schema_phase2_2026-08-07_bonferroni	ZMYM2	shared
schema_phase2_2026-08-07_bonferroni__vs__schema_phase2_2026-08-21_bonferroni	schema_phase2_2026-08-07_bonferroni	schema_phase2_2026-08-21_bonferroni	ATP1A1	shared
schema_phase2_2026-08-07_bonferroni__vs__schema_phase2_2026-08-21_bonferroni	schema_phase2_2026-08-07_bonferroni	schema_phase2_2026-08-21_bonferroni	ATP9A	shared
schema_phase2_2026-08-07_bonferroni__vs__schema_phase2_2026-08-21_bonferroni	schema_phase2_2026-08-07_bonferroni	schema_phase2_2026-08-21_bonferroni	CHRM4	shared
schema_phase2_2026-08-07_bonferroni__vs__schema_phase2_2026-08-21_bonferroni	schema_phase2_2026-08-07_bonferroni	schema_phase2_2026-08-21_bonferroni	CUL1	shared
schema_phase2_2026-08-07_bonferroni__vs__schema_phase2_2026-08-21_bonferroni	schema_phase2_2026-08-07_bonferroni	schema_phase2_2026-08-21_bonferroni	FYN	shared
schema_phase2_2026-08-07_bonferroni__vs__schema_phase2_2026-08-21_bonferroni	schema_phase2_2026-08-07_bonferroni	schema_phase2_2026-08-21_bonferroni	HDAC9	shared
schema_phase2_2026-08-07_bonferroni__vs__schema_phase2_2026-08-21_bonferroni	schema_phase2_2026-08-07_bonferroni	schema_phase2_2026-08-21_bonferroni	HERC1	shared
schema_phase2_2026-08-07_bonferroni__vs__schema_phase2_2026-08-21_bonferroni	schema_phase2_2026-08-07_bonferroni	schema_phase2_2026-08-21_bonferroni	JARID2	shared
schema_phase2_2026-08-07_bonferroni__vs__schema_phase2_2026-08-21_bonferroni	schema_phase2_2026-08-07_bonferroni	schema_phase2_2026-08-21_bonferroni	PPP3CA	shared
schema_phase2_2026-08-07_bonferroni__vs__schema_phase2_2026-08-21_bonferroni	schema_phase2_2026-08-07_bonferroni	schema_phase2_2026-08-21_bonferroni	PTK2	shared
schema_phase2_2026-08-07_bonferroni__vs__schema_phase2_2026-08-21_bonferroni	schema_phase2_2026-08-07_bonferroni	schema_phase2_2026-08-21_bonferroni	RB1CC1	shared
schema_phase2_2026-08-07_bonferroni__vs__schema_phase2_2026-08-21_bonferroni	schema_phase2_2026-08-07_bonferroni	schema_phase2_2026-08-21_bonferroni	SCAF1	shared
schema_phase2_2026-08-07_bonferroni__vs__schema_phase2_2026-08-21_bonferroni	schema_phase2_2026-08-07_bonferroni	schema_phase2_2026-08-21_bonferroni	SCN2A	shared
schema_phase2_2026-08-07_bonferroni__vs__schema_phase2_2026-08-21_bonferroni	schema_phase2_2026-08-07_bonferroni	schema_phase2_2026-08-21_bonferroni	SETD1A	shared
schema_phase2_2026-08-07_bonferroni__vs__schema_phase2_2026-08-21_bonferroni	schema_phase2_2026-08-07_bonferroni	schema_phase2_2026-08-21_bonferroni	SP4	shared
schema_phase2_2026-08-07_bonferroni__vs__schema_phase2_2026-08-21_bonferroni	schema_phase2_2026-08-07_bonferroni	schema_phase2_2026-08-21_bonferroni	STAG1	shared
schema_phase2_2026-08-07_bonferroni__vs__schema_phase2_2026-08-21_bonferroni	schema_phase2_2026-08-07_bonferroni	schema_phase2_2026-08-21_bonferroni	TRIO	shared
schema_phase2_2026-08-07_bonferroni__vs__schema_phase2_2026-08-21_bonferroni	schema_phase2_2026-08-07_bonferroni	schema_phase2_2026-08-21_bonferroni	XPO7	shared
schema_phase2_2026-08-07_bonferroni__vs__schema_phase2_2026-08-21_bonferroni	schema_phase2_2026-08-07_bonferroni	schema_phase2_2026-08-21_bonferroni	ZMYM2	shared
