gene_set_id,phenotype,gene_count,definition,source_id,source_title,source_release,source_url,source_retrieved_date,source_usage_note,catalog_release
bmi_exomewide_16,BMI,16,Sixteen exome-wide significant BMI burden genes,bmi_exome_2021,Exome-wide BMI burden associations,2021,https://pmc.ncbi.nlm.nih.gov/articles/PMC10275396/,2026-08-29,.,2026-08-29
bmi_exomewide_negative,BMI,6,Exome-wide BMI genes with negative beta,bmi_exome_2021,Exome-wide BMI burden associations,2021,https://pmc.ncbi.nlm.nih.gov/articles/PMC10275396/,2026-08-29,.,2026-08-29
bmi_exomewide_positive,BMI,10,Exome-wide BMI genes with positive beta,bmi_exome_2021,Exome-wide BMI burden associations,2021,https://pmc.ncbi.nlm.nih.gov/articles/PMC10275396/,2026-08-29,.,2026-08-29
epi25_dee_damaging_missense_bonferroni,Epilepsy,1,Epi25 DEE damaging_missense; Bonferroni,epi25_2022,Epi25 gene results,2022-12-01,https://epi25.broadinstitute.org/,2026-08-29,.,2026-08-29
epi25_dee_damaging_missense_fdr05,Epilepsy,3,Epi25 DEE damaging_missense; BH FDR <= 5%,epi25_2022,Epi25 gene results,2022-12-01,https://epi25.broadinstitute.org/,2026-08-29,.,2026-08-29
epi25_dee_ptv_bonferroni,Epilepsy,6,Epi25 DEE ptv; Bonferroni,epi25_2022,Epi25 gene results,2022-12-01,https://epi25.broadinstitute.org/,2026-08-29,.,2026-08-29
epi25_dee_ptv_fdr05,Epilepsy,11,Epi25 DEE ptv; BH FDR <= 5%,epi25_2022,Epi25 gene results,2022-12-01,https://epi25.broadinstitute.org/,2026-08-29,.,2026-08-29
epi25_epi_damaging_missense_bonferroni,Epilepsy,1,Epi25 EPI damaging_missense; Bonferroni,epi25_2022,Epi25 gene results,2022-12-01,https://epi25.broadinstitute.org/,2026-08-29,.,2026-08-29
epi25_epi_damaging_missense_fdr05,Epilepsy,1,Epi25 EPI damaging_missense; BH FDR <= 5%,epi25_2022,Epi25 gene results,2022-12-01,https://epi25.broadinstitute.org/,2026-08-29,.,2026-08-29
epi25_epi_ptv_bonferroni,Epilepsy,3,Epi25 EPI ptv; Bonferroni,epi25_2022,Epi25 gene results,2022-12-01,https://epi25.broadinstitute.org/,2026-08-29,.,2026-08-29
epi25_epi_ptv_fdr05,Epilepsy,4,Epi25 EPI ptv; BH FDR <= 5%,epi25_2022,Epi25 gene results,2022-12-01,https://epi25.broadinstitute.org/,2026-08-29,.,2026-08-29
epi25_gge_damaging_missense_bonferroni,Epilepsy,1,Epi25 GGE damaging_missense; Bonferroni,epi25_2022,Epi25 gene results,2022-12-01,https://epi25.broadinstitute.org/,2026-08-29,.,2026-08-29
epi25_gge_damaging_missense_fdr05,Epilepsy,1,Epi25 GGE damaging_missense; BH FDR <= 5%,epi25_2022,Epi25 gene results,2022-12-01,https://epi25.broadinstitute.org/,2026-08-29,.,2026-08-29
epi25_gge_ptv_fdr05,Epilepsy,3,Epi25 GGE ptv; BH FDR <= 5%,epi25_2022,Epi25 gene results,2022-12-01,https://epi25.broadinstitute.org/,2026-08-29,.,2026-08-29
epi25_nafe_ptv_bonferroni,Epilepsy,2,Epi25 NAFE ptv; Bonferroni,epi25_2022,Epi25 gene results,2022-12-01,https://epi25.broadinstitute.org/,2026-08-29,.,2026-08-29
epi25_nafe_ptv_fdr05,Epilepsy,2,Epi25 NAFE ptv; BH FDR <= 5%,epi25_2022,Epi25 gene results,2022-12-01,https://epi25.broadinstitute.org/,2026-08-29,.,2026-08-29
height_207_gene_p,Height,207,207 discovery-significant gene-P genes,kosmicki_height_2026,Kosmicki et al. height preprint supplement,2026-06-22,https://www.medrxiv.org/content/10.64898/2026.06.22.26355163v1,2026-08-29,.,2026-08-29
height_singleton_plof,Height,17,17 significant singleton-pLoF burden genes,kosmicki_height_2026,Kosmicki et al. height preprint supplement,2026-06-22,https://www.medrxiv.org/content/10.64898/2026.06.22.26355163v1,2026-08-29,.,2026-08-29
height_singleton_plof_negative,Height,11,Singleton-pLoF genes with negative beta,kosmicki_height_2026,Kosmicki et al. height preprint supplement,2026-06-22,https://www.medrxiv.org/content/10.64898/2026.06.22.26355163v1,2026-08-29,.,2026-08-29
height_singleton_plof_positive,Height,6,Singleton-pLoF genes with positive beta,kosmicki_height_2026,Kosmicki et al. height preprint supplement,2026-06-22,https://www.medrxiv.org/content/10.64898/2026.06.22.26355163v1,2026-08-29,.,2026-08-29
legacy_ddg2p_all,Developmental disorder,2530,Exact legacy DDG2P all-gene list,ddg2p_2025_12_28_legacy,DDG2P export used by the legacy pipeline,2025-12-28,https://www.ebi.ac.uk/gene2phenotype/,2026-08-29,.,2026-08-29
legacy_ddg2p_confident,Developmental disorder,1706,Exact legacy DDG2P confident list,ddg2p_2025_12_28_legacy,DDG2P export used by the legacy pipeline,2025-12-28,https://www.ebi.ac.uk/gene2phenotype/,2026-08-29,.,2026-08-29
legacy_fu_asd185,ASD,185,Fu TADA-ASD FDR <= 0.05,fu_2022_legacy,Fu et al. TADA results used by the legacy pipeline,2022,https://pmc.ncbi.nlm.nih.gov/articles/PMC9653013/,2026-08-29,.,2026-08-29
legacy_fu_asd72,ASD,72,Fu TADA-ASD FDR <= 0.001,fu_2022_legacy,Fu et al. TADA results used by the legacy pipeline,2022,https://pmc.ncbi.nlm.nih.gov/articles/PMC9653013/,2026-08-29,.,2026-08-29
legacy_fu_dd309,Developmental delay,309,Fu TADA-DD FDR <= 0.001,fu_2022_legacy,Fu et al. TADA results used by the legacy pipeline,2022,https://pmc.ncbi.nlm.nih.gov/articles/PMC9653013/,2026-08-29,.,2026-08-29
legacy_fu_dd477,Developmental delay,477,Fu TADA-DD FDR <= 0.05,fu_2022_legacy,Fu et al. TADA results used by the legacy pipeline,2022,https://pmc.ncbi.nlm.nih.gov/articles/PMC9653013/,2026-08-29,.,2026-08-29
legacy_fu_ndd373,Neurodevelopmental disorder,373,Fu TADA-NDD FDR <= 0.001,fu_2022_legacy,Fu et al. TADA results used by the legacy pipeline,2022,https://pmc.ncbi.nlm.nih.gov/articles/PMC9653013/,2026-08-29,.,2026-08-29
legacy_fu_ndd664,Neurodevelopmental disorder,664,Fu TADA-NDD FDR <= 0.05,fu_2022_legacy,Fu et al. TADA results used by the legacy pipeline,2022,https://pmc.ncbi.nlm.nih.gov/articles/PMC9653013/,2026-08-29,.,2026-08-29
legacy_satterstrom102,ASD,102,Satterstrom et al. 102 ASD genes,satterstrom_2020_legacy,Satterstrom et al. ASD-102 used by the legacy pipeline,2020,https://doi.org/10.1016/j.cell.2019.12.036,2026-08-29,.,2026-08-29
legacy_schema_fdr05,Schizophrenia,18,Exact legacy SCHEMA significant plus FDR<5% list,schema_2022_legacy,SCHEMA lists used by the legacy pipeline,2022,https://pmc.ncbi.nlm.nih.gov/articles/PMC9805802/,2026-08-29,.,2026-08-29
legacy_schema_sig,Schizophrenia,10,Exact legacy SCHEMA exome-wide list,schema_2022_legacy,SCHEMA lists used by the legacy pipeline,2022,https://pmc.ncbi.nlm.nih.gov/articles/PMC9805802/,2026-08-29,.,2026-08-29
legacy_sfari_all,ASD,1267,Exact legacy SFARI all-gene list,sfari_2026_01_legacy,SFARI export used by the legacy pipeline,retrieved 2026-01-15,https://gene.sfari.org/tools/,2026-08-29,.,2026-08-29
legacy_sfari_hc,ASD,315,Exact legacy SFARI high-confidence list,sfari_2026_01_legacy,SFARI export used by the legacy pipeline,retrieved 2026-01-15,https://gene.sfari.org/tools/,2026-08-29,.,2026-08-29
legacy_sfari_score1,ASD,244,Exact legacy SFARI score-1 list,sfari_2026_01_legacy,SFARI export used by the legacy pipeline,retrieved 2026-01-15,https://gene.sfari.org/tools/,2026-08-29,.,2026-08-29
legacy_sfari_score12,ASD,952,Exact legacy SFARI score-1-or-2 list,sfari_2026_01_legacy,SFARI export used by the legacy pipeline,retrieved 2026-01-15,https://gene.sfari.org/tools/,2026-08-29,.,2026-08-29
panelapp_epilepsy_all,Epilepsy,914,All genes in the versioned PanelApp panel,panelapp_epilepsy_v9.73,PanelApp panel 402: Epilepsy,9.73,https://panelapp.genomicsengland.co.uk/panels/402/,2026-08-29,.,2026-08-29
panelapp_epilepsy_green,Epilepsy,632,PanelApp green/high-evidence genes,panelapp_epilepsy_v9.73,PanelApp panel 402: Epilepsy,9.73,https://panelapp.genomicsengland.co.uk/panels/402/,2026-08-29,.,2026-08-29
panelapp_intellectual_disability_all,Intellectual disability,2853,All genes in the versioned PanelApp panel,panelapp_intellectual_disability_v11.26,PanelApp panel 285: Intellectual disability,11.26,https://panelapp.genomicsengland.co.uk/panels/285/,2026-08-29,.,2026-08-29
panelapp_intellectual_disability_green,Intellectual disability,1513,PanelApp green/high-evidence genes,panelapp_intellectual_disability_v11.26,PanelApp panel 285: Intellectual disability,11.26,https://panelapp.genomicsengland.co.uk/panels/285/,2026-08-29,.,2026-08-29
schema_2022_exomewide_10,Schizophrenia,10,Ten published exome-wide significant SCHEMA genes,schema_2022,Published SCHEMA study,2022,https://pmc.ncbi.nlm.nih.gov/articles/PMC9805802/,2026-08-29,.,2026-08-29
schema_phase2_2026-04-23_bonferroni,Schizophrenia,19,Phase II meta-analysis P <= 0.05/18018,schema_phase2_2026-04-23,SCHEMA Phase II gene results,2026-04-23,https://schema.broadinstitute.org/,2026-08-29,Current browser terms restrict some global/exome-wide and large gene-set analyses before the updated paper.,2026-08-29
schema_phase2_2026-04-23_fdr05,Schizophrenia,51,Phase II meta-analysis Benjamini-Hochberg FDR <= 5%,schema_phase2_2026-04-23,SCHEMA Phase II gene results,2026-04-23,https://schema.broadinstitute.org/,2026-08-29,Current browser terms restrict some global/exome-wide and large gene-set analyses before the updated paper.,2026-08-29
schema_phase2_2026-05-07_bonferroni,Schizophrenia,19,Phase II meta-analysis P <= 0.05/18018,schema_phase2_2026-05-07,SCHEMA Phase II gene results,2026-05-07,https://schema.broadinstitute.org/,2026-08-29,Current browser terms restrict some global/exome-wide and large gene-set analyses before the updated paper.,2026-08-29
schema_phase2_2026-05-07_fdr05,Schizophrenia,51,Phase II meta-analysis Benjamini-Hochberg FDR <= 5%,schema_phase2_2026-05-07,SCHEMA Phase II gene results,2026-05-07,https://schema.broadinstitute.org/,2026-08-29,Current browser terms restrict some global/exome-wide and large gene-set analyses before the updated paper.,2026-08-29
schema_phase2_2026-05-26_bonferroni,Schizophrenia,19,Phase II meta-analysis P <= 0.05/18569,schema_phase2_2026-05-26,SCHEMA Phase II gene results,2026-05-26,https://schema.broadinstitute.org/,2026-08-29,Current browser terms restrict some global/exome-wide and large gene-set analyses before the updated paper.,2026-08-29
schema_phase2_2026-05-26_fdr05,Schizophrenia,50,Phase II meta-analysis Benjamini-Hochberg FDR <= 5%,schema_phase2_2026-05-26,SCHEMA Phase II gene results,2026-05-26,https://schema.broadinstitute.org/,2026-08-29,Current browser terms restrict some global/exome-wide and large gene-set analyses before the updated paper.,2026-08-29
schema_phase2_2026-07-15_bonferroni,Schizophrenia,19,Phase II meta-analysis P <= 0.05/18574,schema_phase2_2026-07-15,SCHEMA Phase II gene results,2026-07-15,https://schema.broadinstitute.org/,2026-08-29,Current browser terms restrict some global/exome-wide and large gene-set analyses before the updated paper.,2026-08-29
schema_phase2_2026-07-15_fdr05,Schizophrenia,50,Phase II meta-analysis Benjamini-Hochberg FDR <= 5%,schema_phase2_2026-07-15,SCHEMA Phase II gene results,2026-07-15,https://schema.broadinstitute.org/,2026-08-29,Current browser terms restrict some global/exome-wide and large gene-set analyses before the updated paper.,2026-08-29
schema_phase2_2026-08-07_bonferroni,Schizophrenia,19,Phase II meta-analysis P <= 0.05/18571,schema_phase2_2026-08-07,SCHEMA Phase II gene results,2026-08-07,https://schema.broadinstitute.org/,2026-08-29,Current browser terms restrict some global/exome-wide and large gene-set analyses before the updated paper.,2026-08-29
schema_phase2_2026-08-07_fdr05,Schizophrenia,50,Phase II meta-analysis Benjamini-Hochberg FDR <= 5%,schema_phase2_2026-08-07,SCHEMA Phase II gene results,2026-08-07,https://schema.broadinstitute.org/,2026-08-29,Current browser terms restrict some global/exome-wide and large gene-set analyses before the updated paper.,2026-08-29
schema_phase2_2026-08-21_bonferroni,Schizophrenia,19,Phase II meta-analysis P <= 0.05/18573,schema_phase2_2026-08-21,SCHEMA Phase II gene results,2026-08-21,https://schema.broadinstitute.org/,2026-08-29,Current browser terms restrict some global/exome-wide and large gene-set analyses before the updated paper.,2026-08-29
schema_phase2_2026-08-21_fdr05,Schizophrenia,50,Phase II meta-analysis Benjamini-Hochberg FDR <= 5%,schema_phase2_2026-08-21,SCHEMA Phase II gene results,2026-08-21,https://schema.broadinstitute.org/,2026-08-29,Current browser terms restrict some global/exome-wide and large gene-set analyses before the updated paper.,2026-08-29
sfari_all_scored,ASD,1195,All genes assigned a SFARI score,sfari_2026q2,SFARI Gene scoring,2026 Q2,https://gene-development.sfari.org/database/gene-scoring/,2026-08-29,.,2026-08-29
sfari_score_1,ASD,245,SFARI score 1,sfari_2026q2,SFARI Gene scoring,2026 Q2,https://gene-development.sfari.org/database/gene-scoring/,2026-08-29,.,2026-08-29
sfari_score_2,ASD,712,SFARI score 2,sfari_2026q2,SFARI Gene scoring,2026 Q2,https://gene-development.sfari.org/database/gene-scoring/,2026-08-29,.,2026-08-29
sfari_score_3,ASD,238,SFARI score 3,sfari_2026q2,SFARI Gene scoring,2026 Q2,https://gene-development.sfari.org/database/gene-scoring/,2026-08-29,.,2026-08-29
sfari_syndromic,ASD,312,SFARI syndromic flag,sfari_2026q2,SFARI Gene scoring,2026 Q2,https://gene-development.sfari.org/database/gene-scoring/,2026-08-29,.,2026-08-29
