s3_uri	bytes	manifest_sha256	last_modified
s3://sebat-genomics-work/resources/rare-variant-pipeline/v1/DBNSFP_SHA256SUMS	5618	NOT_IN_LOADED_MANIFEST	2026-09-14T05:07:49+00:00
s3://sebat-genomics-work/resources/rare-variant-pipeline/v1/RESOURCE_BUNDLE_VERSION	107	119c9a33e34620984b407e4a810346f4476c30d923d933599e5988faa2cf90be	2026-09-14T05:07:49+00:00
s3://sebat-genomics-work/resources/rare-variant-pipeline/v1/RESOURCE_SHA256SUMS	14431	NOT_IN_LOADED_MANIFEST	2026-09-14T18:16:10+00:00
s3://sebat-genomics-work/resources/rare-variant-pipeline/v1/dbNSFP/5.3.1a/parquet_expanded_mane_select/chr1.parquet	1431645510	5bb992f4ab7a742661d2f6c863dada365d841cfdf31d9e769e8556d97297d2fa	2026-09-14T05:07:56+00:00
s3://sebat-genomics-work/resources/rare-variant-pipeline/v1/dbNSFP/5.3.1a/parquet_expanded_mane_select/chr10.parquet	569028012	fdc7d02fa10a5fef63fac5ec6a8da61683e7d3b21c13c699b8a1a92bbcc393c2	2026-09-14T05:08:05+00:00
s3://sebat-genomics-work/resources/rare-variant-pipeline/v1/dbNSFP/5.3.1a/parquet_expanded_mane_select/chr11.parquet	852816221	0bbe111b1d00ff1e197473095b454d70146259efdbf7fae36cad0cd1174eba42	2026-09-14T05:08:13+00:00
s3://sebat-genomics-work/resources/rare-variant-pipeline/v1/dbNSFP/5.3.1a/parquet_expanded_mane_select/chr12.parquet	764944177	fbed68f018e7b22e050764285fba07b6389710b435e4a8249d25375f0af267af	2026-09-14T05:08:22+00:00
s3://sebat-genomics-work/resources/rare-variant-pipeline/v1/dbNSFP/5.3.1a/parquet_expanded_mane_select/chr13.parquet	255351843	ef45d95e44c9425f3c4a85ebca757996cbdce02e50bc49f2f2e9a89a93db9aac	2026-09-14T05:08:26+00:00
s3://sebat-genomics-work/resources/rare-variant-pipeline/v1/dbNSFP/5.3.1a/parquet_expanded_mane_select/chr14.parquet	463466327	18fbbb4f19cd32d08821b422522f21276b105a8de1c34856246299c9f9b48ee0	2026-09-14T05:08:30+00:00
s3://sebat-genomics-work/resources/rare-variant-pipeline/v1/dbNSFP/5.3.1a/parquet_expanded_mane_select/chr15.parquet	483503084	d7e0ddd792f91fedce0e4431ae60b76dbd65952be5a713efe672b7bde843efa0	2026-09-14T05:08:35+00:00
s3://sebat-genomics-work/resources/rare-variant-pipeline/v1/dbNSFP/5.3.1a/parquet_expanded_mane_select/chr16.parquet	587512258	fb5155a2d8d97257656a213c2bc02afe5cb1bc242aaf8cb2c12c96968e8b73e0	2026-09-14T05:08:41+00:00
s3://sebat-genomics-work/resources/rare-variant-pipeline/v1/dbNSFP/5.3.1a/parquet_expanded_mane_select/chr17.parquet	795132362	a9025ab889291ffd73a00fc176382ce0ef97172fd2d71662815fa32cd2fedb58	2026-09-14T05:08:48+00:00
s3://sebat-genomics-work/resources/rare-variant-pipeline/v1/dbNSFP/5.3.1a/parquet_expanded_mane_select/chr18.parquet	231177933	1ad0a8f15bebddb7e120f529ea6060aa71dce1ca3b3157eb4fc50c287054057c	2026-09-14T05:08:52+00:00
s3://sebat-genomics-work/resources/rare-variant-pipeline/v1/dbNSFP/5.3.1a/parquet_expanded_mane_select/chr19.parquet	902128822	807f67ec62ad4c99ca3fae4d59f4a9a1a23f639d5b351e7b47fb3dbe4684302b	2026-09-14T05:09:00+00:00
s3://sebat-genomics-work/resources/rare-variant-pipeline/v1/dbNSFP/5.3.1a/parquet_expanded_mane_select/chr2.parquet	1069407926	c332b0d8640c8dc0ca8cf26cd5725531ebb59d54ef8ea3dd0e37ee0b990ff388	2026-09-14T05:09:10+00:00
s3://sebat-genomics-work/resources/rare-variant-pipeline/v1/dbNSFP/5.3.1a/parquet_expanded_mane_select/chr20.parquet	342249839	9d26bcc486534f46e0bbda8fdfbfba52cff08ca2237eca1e011acc0949daab01	2026-09-14T05:09:16+00:00
s3://sebat-genomics-work/resources/rare-variant-pipeline/v1/dbNSFP/5.3.1a/parquet_expanded_mane_select/chr21.parquet	139238411	c252f4d20062351c3ab2c12b478f3b8ff8ff41bb7be07b6ecf9c6605380515e5	2026-09-14T05:09:19+00:00
s3://sebat-genomics-work/resources/rare-variant-pipeline/v1/dbNSFP/5.3.1a/parquet_expanded_mane_select/chr22.parquet	298748270	7ca84d9bf85627ab66aa86f3fe91a0e28630a7307a92caa3284589ccb21d50a9	2026-09-14T05:09:22+00:00
s3://sebat-genomics-work/resources/rare-variant-pipeline/v1/dbNSFP/5.3.1a/parquet_expanded_mane_select/chr3.parquet	861933709	e17511f980fc2ee342cb48879d47e123ff024e1d46ef5904e290adf3d6e4dc93	2026-09-14T05:09:29+00:00
s3://sebat-genomics-work/resources/rare-variant-pipeline/v1/dbNSFP/5.3.1a/parquet_expanded_mane_select/chr4.parquet	588655986	215e3277ba418e4fb4e5470ca89a749c5ffb2f39b0e127666cb9eaacc587082e	2026-09-14T05:09:36+00:00
s3://sebat-genomics-work/resources/rare-variant-pipeline/v1/dbNSFP/5.3.1a/parquet_expanded_mane_select/chr5.parquet	662746727	6d54a69eec3fcad0fb01b3589802843fef3e797941578dcf8f6f6e95d0b4e4b3	2026-09-14T05:09:43+00:00
s3://sebat-genomics-work/resources/rare-variant-pipeline/v1/dbNSFP/5.3.1a/parquet_expanded_mane_select/chr6.parquet	720533558	2ef226d98930f1440bc5ea71702834f9391cde45f76256c2f5a17ab96e1c57ea	2026-09-14T05:09:51+00:00
s3://sebat-genomics-work/resources/rare-variant-pipeline/v1/dbNSFP/5.3.1a/parquet_expanded_mane_select/chr7.parquet	669308634	64b28283d91385c3885fc9c32d6010b957ecc7abe3a3699f7b914409acccf1e0	2026-09-14T05:09:57+00:00
s3://sebat-genomics-work/resources/rare-variant-pipeline/v1/dbNSFP/5.3.1a/parquet_expanded_mane_select/chr8.parquet	488138029	bc3af52071a5235fb5787536d5169d15eb993328ecf14f0993aea2f187eb7840	2026-09-14T05:10:03+00:00
s3://sebat-genomics-work/resources/rare-variant-pipeline/v1/dbNSFP/5.3.1a/parquet_expanded_mane_select/chr9.parquet	570711585	a1a13c19a35368f767fc0f99ed3e500cb9cc0dd1003e3502a12728bec533a394	2026-09-14T05:10:09+00:00
s3://sebat-genomics-work/resources/rare-variant-pipeline/v1/dbNSFP/5.3.1a/parquet_expanded_mane_select/chrX.parquet	534477744	878aff0ffddd51a623efb6c3928378a0254047d8605a90a085d84806cad2519b	2026-09-14T05:10:15+00:00
s3://sebat-genomics-work/resources/rare-variant-pipeline/v1/dbNSFP/5.3.1a/parquet_expanded_mane_select/chrY.parquet	21959817	aa461f6e62276c0490291bdcc21ac6805f62bc60ac996bb7ed8823d67a78a72c	2026-09-14T05:10:17+00:00
s3://sebat-genomics-work/resources/rare-variant-pipeline/v1/dbNSFP/5.3.1a/parquet_scores_af/chr1.parquet	350806009	d9470f94822015db9a6e50be1197c90a5c3a64257f4f9aadb22b74919c95efed	2026-09-14T05:10:20+00:00
s3://sebat-genomics-work/resources/rare-variant-pipeline/v1/dbNSFP/5.3.1a/parquet_scores_af/chr10.parquet	139162169	11c80c567877c0340453455be50fd5ac6b7722aca0dda0f70145f5ef35be0076	2026-09-14T05:10:23+00:00
s3://sebat-genomics-work/resources/rare-variant-pipeline/v1/dbNSFP/5.3.1a/parquet_scores_af/chr11.parquet	210641881	dc5c1c57e5ca8d3f69b3e9d3af378e57dd68f80e6987dc8011bcbe13495fb681	2026-09-14T05:10:25+00:00
s3://sebat-genomics-work/resources/rare-variant-pipeline/v1/dbNSFP/5.3.1a/parquet_scores_af/chr12.parquet	188972950	b4432ebf491881c202932d546d2be55dd931ec2431fbaea874c063a3aac8a589	2026-09-14T05:10:27+00:00
s3://sebat-genomics-work/resources/rare-variant-pipeline/v1/dbNSFP/5.3.1a/parquet_scores_af/chr13.parquet	61530088	6223223653781c3882cfdfaab5d13ee91bc9f3975feb495ef20da6a37129852c	2026-09-14T05:10:28+00:00
s3://sebat-genomics-work/resources/rare-variant-pipeline/v1/dbNSFP/5.3.1a/parquet_scores_af/chr14.parquet	112173919	97a3f3950b46ea8a8e4f7692acfb9d0a2eeabe159c790aff59be851177427918	2026-09-14T05:10:30+00:00
s3://sebat-genomics-work/resources/rare-variant-pipeline/v1/dbNSFP/5.3.1a/parquet_scores_af/chr15.parquet	117728301	e88707fd72623adf340d97667d55647d29497fc0dcea077f93997838f11ef75e	2026-09-14T05:10:31+00:00
s3://sebat-genomics-work/resources/rare-variant-pipeline/v1/dbNSFP/5.3.1a/parquet_scores_af/chr16.parquet	149128112	a1d0051e19aff2e47321f89bed4932987bea86186842b1adc63a681dd6a996e6	2026-09-14T05:10:33+00:00
s3://sebat-genomics-work/resources/rare-variant-pipeline/v1/dbNSFP/5.3.1a/parquet_scores_af/chr17.parquet	199469617	3afc64372523e59820d9767fa3685434509f7f224b0887c13cd993f92ed9de6d	2026-09-14T05:10:36+00:00
s3://sebat-genomics-work/resources/rare-variant-pipeline/v1/dbNSFP/5.3.1a/parquet_scores_af/chr18.parquet	55810331	398913628c09aaa3acfa3d96cb2386475b8a49352d58b19160ca9b967068fd35	2026-09-14T05:10:37+00:00
s3://sebat-genomics-work/resources/rare-variant-pipeline/v1/dbNSFP/5.3.1a/parquet_scores_af/chr19.parquet	229316205	9aa53a6d6214f862361d628d8d5618e61322a946d93e3122c74d2befbe5afb49	2026-09-14T05:10:39+00:00
s3://sebat-genomics-work/resources/rare-variant-pipeline/v1/dbNSFP/5.3.1a/parquet_scores_af/chr2.parquet	255764443	8569b729fc733557239b842d0e01e8a0bf0862d6775b76342cbfe85079129173	2026-09-14T05:10:42+00:00
s3://sebat-genomics-work/resources/rare-variant-pipeline/v1/dbNSFP/5.3.1a/parquet_scores_af/chr20.parquet	85928384	6d9823346d488bb37ad970b524616168c8fa13194ea743e332526fc056d13ab9	2026-09-14T05:10:44+00:00
s3://sebat-genomics-work/resources/rare-variant-pipeline/v1/dbNSFP/5.3.1a/parquet_scores_af/chr21.parquet	34605538	81781a956da8719ab615dcd278e244f15bccb0873d462542aaf6486d0f85179f	2026-09-14T05:10:45+00:00
s3://sebat-genomics-work/resources/rare-variant-pipeline/v1/dbNSFP/5.3.1a/parquet_scores_af/chr22.parquet	74620499	ea0d950eb89670129e8decafb4406a924a2508ff4de052b101ae1340bc4deab2	2026-09-14T05:10:46+00:00
s3://sebat-genomics-work/resources/rare-variant-pipeline/v1/dbNSFP/5.3.1a/parquet_scores_af/chr3.parquet	209419486	05abc83d196c88b086ae03292eb3a8e3f2d71dcaf2ca866c00d7f7a63fa9f468	2026-09-14T05:10:48+00:00
s3://sebat-genomics-work/resources/rare-variant-pipeline/v1/dbNSFP/5.3.1a/parquet_scores_af/chr4.parquet	143066847	636fb5f90930aef4b9c35c74ebfa2cd661acdfe2e96c50925feffa653e731dfb	2026-09-14T05:10:50+00:00
s3://sebat-genomics-work/resources/rare-variant-pipeline/v1/dbNSFP/5.3.1a/parquet_scores_af/chr5.parquet	161313685	99172146e6baa5626c3557c7b0bd9231f381294d89e6eba14430dcc146ec1815	2026-09-14T05:10:52+00:00
s3://sebat-genomics-work/resources/rare-variant-pipeline/v1/dbNSFP/5.3.1a/parquet_scores_af/chr6.parquet	174639457	b38a2b53afddc7f24e97131cce44534c81ae4888109a332d6fbfb8561866aeae	2026-09-14T05:10:54+00:00
s3://sebat-genomics-work/resources/rare-variant-pipeline/v1/dbNSFP/5.3.1a/parquet_scores_af/chr7.parquet	163918217	f1bd418741704ce0c336b1562010a7f6b726edb4792332e241d8468f14bf8f79	2026-09-14T05:10:56+00:00
s3://sebat-genomics-work/resources/rare-variant-pipeline/v1/dbNSFP/5.3.1a/parquet_scores_af/chr8.parquet	118948913	855d0fd28a65473048263ceefb1b5d2e2270b55c21fcc12e89e9768f5bb4c55d	2026-09-14T05:10:58+00:00
s3://sebat-genomics-work/resources/rare-variant-pipeline/v1/dbNSFP/5.3.1a/parquet_scores_af/chr9.parquet	140424574	aa423bd9e063e624064fdb870cf3c92eccbc492c4a2c64fdb281263756f9c181	2026-09-14T05:10:59+00:00
s3://sebat-genomics-work/resources/rare-variant-pipeline/v1/dbNSFP/5.3.1a/parquet_scores_af/chrX.parquet	123000318	fd1a14da8b4c88133101d4fa654396d7c2c4cee78f47e9e9e38de41b57ad0b23	2026-09-14T05:11:01+00:00
s3://sebat-genomics-work/resources/rare-variant-pipeline/v1/dbNSFP/5.3.1a/parquet_scores_af/chrY.parquet	4470887	c45aa4ea0709ff73bac46383c82ab82fe4987349b6ad77acf07b0513c964a990	2026-09-14T05:11:02+00:00
s3://sebat-genomics-work/resources/rare-variant-pipeline/v1/ensembl-115/transcripts.sqlite	790970368	761ec5878477af6d6258090d367bee21a18a53ad930d8801a9e4d4a31fa3ed3b	2026-09-14T05:11:08+00:00
s3://sebat-genomics-work/resources/rare-variant-pipeline/v1/loftee-grch38/gerp_conservation_scores.homo_sapiens.GRCh38.bw	12617579354	8801e57ce8effbef9248b122caee16da338bfa8319dd41392c9ce4e58ea6cfe8	2026-09-14T05:12:46+00:00
s3://sebat-genomics-work/resources/rare-variant-pipeline/v1/loftee-grch38/human_ancestor.fa.gz	885231320	624b0e0f8e1c4e7c8639edf17df03f213621d1f56f6fa1c8025fad56082b157b	2026-09-14T05:13:30+00:00
s3://sebat-genomics-work/resources/rare-variant-pipeline/v1/loftee-grch38/human_ancestor.fa.gz.fai	736	703e9a2011886f90679e99d0333ca91afc81df726db91c76d57b9e2d6f182ec5	2026-09-14T05:13:33+00:00
s3://sebat-genomics-work/resources/rare-variant-pipeline/v1/loftee-grch38/human_ancestor.fa.gz.gzi	764520	a31e4ee63e519a0da4a8e2750dabbca177129b7f312b2a993c17a99981e6a3bf	2026-09-14T05:13:33+00:00
s3://sebat-genomics-work/resources/rare-variant-pipeline/v1/loftee-grch38/loftee.sql	148519936	22e214f1513d67682602b5915dfd220ea9d8360448f0de0b8db72c49bf03649a	2026-09-14T05:13:34+00:00
s3://sebat-genomics-work/resources/rare-variant-pipeline/v1/postprocess/config.json	419	b49bccac875a669cf38dc14be9369444be4f76cb9c97b16642717db4c2c1c4b3	2026-09-14T05:13:35+00:00
s3://sebat-genomics-work/resources/rare-variant-pipeline/v1/problematic-regions/genomicSuperDups.bed	1519236	22a13e39b8ff1b835c39d1a4bbd2b511b66b477a2cd547924e1b3e3b33e8162f	2026-09-14T05:13:35+00:00
s3://sebat-genomics-work/resources/rare-variant-pipeline/v1/problematic-regions/rmsk.bed	260624139	0c8ac6be02d66570fc62f69399e802f0933affcc02e165e6bcd087f0cd816288	2026-09-14T05:13:37+00:00
s3://sebat-genomics-work/resources/rare-variant-pipeline/v1/problematic-regions/simpleRepeat.bed	26853904	4d0a881cbbe4030ad0c864f5413afaf17c4eaf15f6b6ca90d1559169c7d9bae4	2026-09-14T05:13:38+00:00
s3://sebat-genomics-work/resources/rare-variant-pipeline/v1/sample-qc/grch38-sex-chromosome-regions.json	580	1facfec20f5d0ebdedd6b40847448a98550bc19ae233c843e6a43e430f60d317	2026-09-14T05:13:39+00:00
s3://sebat-genomics-work/resources/rare-variant-pipeline/v1/source-archive/ensembl-115/Homo_sapiens.GRCh38.115.chr.gtf.gz	104303351	NOT_IN_LOADED_MANIFEST	2026-09-05T07:17:57+00:00
s3://sebat-genomics-work/resources/rare-variant-pipeline/v1/source-archive/ensembl-115/Homo_sapiens.GRCh38.115.gff3.gz	83835106	NOT_IN_LOADED_MANIFEST	2026-09-05T07:17:59+00:00
s3://sebat-genomics-work/resources/rare-variant-pipeline/v1/source-archive/ensembl-115/Homo_sapiens.GRCh38.dna.chromosome.22.fa.gz	11389810	NOT_IN_LOADED_MANIFEST	2026-09-05T07:18:01+00:00
s3://sebat-genomics-work/resources/rare-variant-pipeline/v1/source-archive/ensembl-115/Homo_sapiens.GRCh38.dna.chromosome.X.fa.gz	46167328	NOT_IN_LOADED_MANIFEST	2026-09-05T07:18:02+00:00
s3://sebat-genomics-work/resources/rare-variant-pipeline/v1/source-archive/ensembl-115/Homo_sapiens.GRCh38.dna.chromosome.Y.fa.gz	7857347	NOT_IN_LOADED_MANIFEST	2026-09-05T07:18:03+00:00
s3://sebat-genomics-work/resources/rare-variant-pipeline/v1/source-archive/ensembl-115/fasta.CHECKSUMS	4979	NOT_IN_LOADED_MANIFEST	2026-09-05T07:18:04+00:00
s3://sebat-genomics-work/resources/rare-variant-pipeline/v1/source-archive/ensembl-115/gtf.CHECKSUMS	224	NOT_IN_LOADED_MANIFEST	2026-09-05T07:18:04+00:00
s3://sebat-genomics-work/resources/rare-variant-pipeline/v1/source-archive/loftee-grch38/loftee.sql.gz	29960948	NOT_IN_LOADED_MANIFEST	2026-09-05T07:18:05+00:00
s3://sebat-genomics-work/resources/rare-variant-pipeline/v1/targeted-annotation/GeneBayes.Supplementary_Table_1.tsv	1572515	d5a88129246bb8a1f157c29d6bb566a81234fc752a3b1dd05fce0a422d7e49f3	2026-09-14T05:13:39+00:00
s3://sebat-genomics-work/resources/rare-variant-pipeline/v1/targeted-annotation/ensembl-115/Homo_sapiens.GRCh38.115.chr1.gff3	119822079	063147719c3d0521c60994002d15d72877ea3b954b0b804ca3c7dca886ab17f9	2026-09-14T05:13:40+00:00
s3://sebat-genomics-work/resources/rare-variant-pipeline/v1/targeted-annotation/ensembl-115/Homo_sapiens.GRCh38.115.chr1.gff3.fastvep.cache	36888397	19742d30aeb90b76ce477bea32da5a9370af2411b128e6538c46726b4f71aee2	2026-09-14T05:13:41+00:00
s3://sebat-genomics-work/resources/rare-variant-pipeline/v1/targeted-annotation/ensembl-115/Homo_sapiens.GRCh38.115.chr10.gff3	55609760	17e40ee2614c656140152622bacc139277e72c053a49312714f8e5806f660a05	2026-09-14T05:13:42+00:00
s3://sebat-genomics-work/resources/rare-variant-pipeline/v1/targeted-annotation/ensembl-115/Homo_sapiens.GRCh38.115.chr10.gff3.fastvep.cache	16119773	2627c1142cc4f2c3fb536a5b1164fae4cbf7fd0a0e6cf47b251b820daabf01a4	2026-09-14T05:13:43+00:00
s3://sebat-genomics-work/resources/rare-variant-pipeline/v1/targeted-annotation/ensembl-115/Homo_sapiens.GRCh38.115.chr11.gff3	70128802	872f16df2eae2fb6d5a6b04c27c6dd87b954b6a3627492a6b64c20c87484ae37	2026-09-14T05:13:44+00:00
s3://sebat-genomics-work/resources/rare-variant-pipeline/v1/targeted-annotation/ensembl-115/Homo_sapiens.GRCh38.115.chr11.gff3.fastvep.cache	20806996	4f428ce777c5e7c4970334aec453f51753c251ab07539326a0c3d56c4fe61ba8	2026-09-14T05:13:45+00:00
s3://sebat-genomics-work/resources/rare-variant-pipeline/v1/targeted-annotation/ensembl-115/Homo_sapiens.GRCh38.115.chr12.gff3	63999116	8daca07075334597ef3b28ca783f540f34e9a0aaad151921be4cba7b05443f5a	2026-09-14T05:13:46+00:00
s3://sebat-genomics-work/resources/rare-variant-pipeline/v1/targeted-annotation/ensembl-115/Homo_sapiens.GRCh38.115.chr12.gff3.fastvep.cache	18803768	4dd4786f4d5c50bd61d179f5f5d16734aff9823a236f949fbbf310933b9d1f9d	2026-09-14T05:13:47+00:00
s3://sebat-genomics-work/resources/rare-variant-pipeline/v1/targeted-annotation/ensembl-115/Homo_sapiens.GRCh38.115.chr13.gff3	22668016	58be9d2993a5f080eee01118e2cf691e3461ef9c8bd7702e626aa8a2045d38e3	2026-09-14T05:13:47+00:00
s3://sebat-genomics-work/resources/rare-variant-pipeline/v1/targeted-annotation/ensembl-115/Homo_sapiens.GRCh38.115.chr13.gff3.fastvep.cache	5660225	b0b160e5c155171a03af3c6970f01b7402b67d8d4f82ff7addfb334fd6a23ae2	2026-09-14T05:13:47+00:00
s3://sebat-genomics-work/resources/rare-variant-pipeline/v1/targeted-annotation/ensembl-115/Homo_sapiens.GRCh38.115.chr14.gff3	42332019	b861aa386a3ee8409d3de07a4849bf656ed21451e13797982d472d7b5ec861a3	2026-09-14T05:13:48+00:00
s3://sebat-genomics-work/resources/rare-variant-pipeline/v1/targeted-annotation/ensembl-115/Homo_sapiens.GRCh38.115.chr14.gff3.fastvep.cache	11922190	635555011e63ef122145276d833a4cf2a45c9a6e24715b17ae7a6e6514bac91f	2026-09-14T05:13:49+00:00
s3://sebat-genomics-work/resources/rare-variant-pipeline/v1/targeted-annotation/ensembl-115/Homo_sapiens.GRCh38.115.chr15.gff3	41655422	b615abf3368bdd2a13d49059eede00d8f2aa0a2ca621d91747c71bd25aa2597b	2026-09-14T05:13:49+00:00
s3://sebat-genomics-work/resources/rare-variant-pipeline/v1/targeted-annotation/ensembl-115/Homo_sapiens.GRCh38.115.chr15.gff3.fastvep.cache	11271279	aa362addb2e9009c319b6edebb502dd8391f0361e90a93634382c4bd030aa0fd	2026-09-14T05:13:50+00:00
s3://sebat-genomics-work/resources/rare-variant-pipeline/v1/targeted-annotation/ensembl-115/Homo_sapiens.GRCh38.115.chr16.gff3	50447036	03474be35af82421b1805c3236d78a685c5534aa0f557718c6e132a4fc675d04	2026-09-14T05:13:51+00:00
s3://sebat-genomics-work/resources/rare-variant-pipeline/v1/targeted-annotation/ensembl-115/Homo_sapiens.GRCh38.115.chr16.gff3.fastvep.cache	14181954	6e8dca2a52001fd454e634ba0f0845c51e2b2adce5b112f216b7eb7b4c6c4613	2026-09-14T05:13:51+00:00
s3://sebat-genomics-work/resources/rare-variant-pipeline/v1/targeted-annotation/ensembl-115/Homo_sapiens.GRCh38.115.chr17.gff3	67006375	f91d7c80ef7a8104c2547d88ad0ff6abf30f37ee8b3e1274878e687ae6cccb3b	2026-09-14T05:13:52+00:00
s3://sebat-genomics-work/resources/rare-variant-pipeline/v1/targeted-annotation/ensembl-115/Homo_sapiens.GRCh38.115.chr17.gff3.fastvep.cache	19658306	1ec5e575aaab6ac765acb3824c17b94f9dc6dec70b1499aca277e3637edd49e8	2026-09-14T05:13:53+00:00
s3://sebat-genomics-work/resources/rare-variant-pipeline/v1/targeted-annotation/ensembl-115/Homo_sapiens.GRCh38.115.chr18.gff3	20610173	637cd6d54c0bc0910cc8e78893901de54f90b90eba3cd34fcc1b66496b60cac3	2026-09-14T05:13:54+00:00
s3://sebat-genomics-work/resources/rare-variant-pipeline/v1/targeted-annotation/ensembl-115/Homo_sapiens.GRCh38.115.chr18.gff3.fastvep.cache	5277209	e9e9d1a0f75d18cb21315be0377f14a29fb8b71bb30669bdb28f9376b0823b85	2026-09-14T05:13:54+00:00
s3://sebat-genomics-work/resources/rare-variant-pipeline/v1/targeted-annotation/ensembl-115/Homo_sapiens.GRCh38.115.chr19.gff3	61711233	1cce4bc7b8a7cc5ad5294cfaec658bd81f285df221fb2d7239274f723bc4aadf	2026-09-14T05:13:55+00:00
s3://sebat-genomics-work/resources/rare-variant-pipeline/v1/targeted-annotation/ensembl-115/Homo_sapiens.GRCh38.115.chr19.gff3.fastvep.cache	19190725	0003eaaba4082be0344db64e37396c5e37660e52d521f3a3615b526a39a6be14	2026-09-14T05:13:56+00:00
s3://sebat-genomics-work/resources/rare-variant-pipeline/v1/targeted-annotation/ensembl-115/Homo_sapiens.GRCh38.115.chr2.gff3	95816360	2b616eda3c531bed87dcab9c9141d885f6ae9d527f65a461dcfe9fb9a7052e56	2026-09-14T05:13:57+00:00
s3://sebat-genomics-work/resources/rare-variant-pipeline/v1/targeted-annotation/ensembl-115/Homo_sapiens.GRCh38.115.chr2.gff3.fastvep.cache	28410480	c2ea0e06d0e7b75d32fd55988c5a16461a91bf9affef1c6fbd2f2755f3e388bf	2026-09-14T05:13:58+00:00
s3://sebat-genomics-work/resources/rare-variant-pipeline/v1/targeted-annotation/ensembl-115/Homo_sapiens.GRCh38.115.chr20.gff3	29961927	c34c61611da3826e69c63655ccd7e4250e385264f2ac70912925a549e46aa941	2026-09-14T05:13:59+00:00
s3://sebat-genomics-work/resources/rare-variant-pipeline/v1/targeted-annotation/ensembl-115/Homo_sapiens.GRCh38.115.chr20.gff3.fastvep.cache	8170181	9c6c698e9543abefe096a71cb9d3d9c256350a514ced34315babe52176daee03	2026-09-14T05:14:00+00:00
s3://sebat-genomics-work/resources/rare-variant-pipeline/v1/targeted-annotation/ensembl-115/Homo_sapiens.GRCh38.115.chr21.gff3	14387295	3b9c0ddded71ddd408f92d73fdc496899568700d7c2e24b870043b1413d2f7c0	2026-09-14T05:14:00+00:00
s3://sebat-genomics-work/resources/rare-variant-pipeline/v1/targeted-annotation/ensembl-115/Homo_sapiens.GRCh38.115.chr21.gff3.fastvep.cache	2977698	df9289c112450a756561d12512f1f4b03605727ceda6aa551e68e2e4d2fb6f29	2026-09-14T05:14:00+00:00
s3://sebat-genomics-work/resources/rare-variant-pipeline/v1/targeted-annotation/ensembl-115/Homo_sapiens.GRCh38.115.chr22.gff3	30694071	256c85d51d9551883fddfc33bbbce11a783f438f638c69fdc4055e3467626143	2026-09-14T05:14:00+00:00
s3://sebat-genomics-work/resources/rare-variant-pipeline/v1/targeted-annotation/ensembl-115/Homo_sapiens.GRCh38.115.chr22.gff3.fastvep.cache	7696643	4b4393393cdf8227a40e93a05f5af13208a7e8ad8d24c3deeebd2096a2711560	2026-09-14T05:14:01+00:00
s3://sebat-genomics-work/resources/rare-variant-pipeline/v1/targeted-annotation/ensembl-115/Homo_sapiens.GRCh38.115.chr3.gff3	81988552	20c28c8aa70e3d082a45509a269f5950b283cb7a2033224ee635f8464c2dfc96	2026-09-14T05:14:02+00:00
s3://sebat-genomics-work/resources/rare-variant-pipeline/v1/targeted-annotation/ensembl-115/Homo_sapiens.GRCh38.115.chr3.gff3.fastvep.cache	24325160	01e8a45aa285686fabfcfb464314231c79dc7a79909fe4c9986d119be1366d13	2026-09-14T05:14:03+00:00
s3://sebat-genomics-work/resources/rare-variant-pipeline/v1/targeted-annotation/ensembl-115/Homo_sapiens.GRCh38.115.chr4.gff3	50550111	837007597458b3a16fd98740126efa8d6d1e470942a7897d656000a832cc25fd	2026-09-14T05:14:03+00:00
s3://sebat-genomics-work/resources/rare-variant-pipeline/v1/targeted-annotation/ensembl-115/Homo_sapiens.GRCh38.115.chr4.gff3.fastvep.cache	14408132	ce03cd342dba02233618ec5d11beb3faff2e59950f110e166d8901ed95769567	2026-09-14T05:14:04+00:00
s3://sebat-genomics-work/resources/rare-variant-pipeline/v1/targeted-annotation/ensembl-115/Homo_sapiens.GRCh38.115.chr5.gff3	53321663	b7e4f9e3eb81addd03341844bd17f8d59ea83909cb04af6e5b3f2c6664b4a30f	2026-09-14T05:14:05+00:00
s3://sebat-genomics-work/resources/rare-variant-pipeline/v1/targeted-annotation/ensembl-115/Homo_sapiens.GRCh38.115.chr5.gff3.fastvep.cache	15167563	c8eac585f16007f870f7f94ce9bcb0ef3b34fac9167c8bc9a154e115f5029deb	2026-09-14T05:14:06+00:00
s3://sebat-genomics-work/resources/rare-variant-pipeline/v1/targeted-annotation/ensembl-115/Homo_sapiens.GRCh38.115.chr6.gff3	57360841	92940adc3d1070c1a2bbdaa13bf505de72d4aa22573098e4ca9dc90ca928150b	2026-09-14T05:14:07+00:00
s3://sebat-genomics-work/resources/rare-variant-pipeline/v1/targeted-annotation/ensembl-115/Homo_sapiens.GRCh38.115.chr6.gff3.fastvep.cache	16862266	c2590cb62d101dbf63d739c11872c334dae27c8db4376360e761b84bbb2e215a	2026-09-14T05:14:07+00:00
s3://sebat-genomics-work/resources/rare-variant-pipeline/v1/targeted-annotation/ensembl-115/Homo_sapiens.GRCh38.115.chr7.gff3	63846536	1b2710ae619bb54d19170951070f13df65f4aec46fb929f5fcee33ccf110794d	2026-09-14T05:14:08+00:00
s3://sebat-genomics-work/resources/rare-variant-pipeline/v1/targeted-annotation/ensembl-115/Homo_sapiens.GRCh38.115.chr7.gff3.fastvep.cache	17407044	777c24ab9284775de7d91d9f084c082eec1cf4cbada8cc919d7b6b49c20b2df9	2026-09-14T05:14:09+00:00
s3://sebat-genomics-work/resources/rare-variant-pipeline/v1/targeted-annotation/ensembl-115/Homo_sapiens.GRCh38.115.chr8.gff3	44608932	1755b21e0004622425fc090418f2de221a481ce60b43129d0c097e208e03b647	2026-09-14T05:14:10+00:00
s3://sebat-genomics-work/resources/rare-variant-pipeline/v1/targeted-annotation/ensembl-115/Homo_sapiens.GRCh38.115.chr8.gff3.fastvep.cache	12371598	48953fd4b2b441332cf5f816b3733fe5636fd8ac8113ac88562f2bbe25ddbc52	2026-09-14T05:14:10+00:00
s3://sebat-genomics-work/resources/rare-variant-pipeline/v1/targeted-annotation/ensembl-115/Homo_sapiens.GRCh38.115.chr9.gff3	51401270	dce304e33d96d86769905826f6ca66fcf9fc12fa086737afaf8f0de977c2f460	2026-09-14T05:14:11+00:00
s3://sebat-genomics-work/resources/rare-variant-pipeline/v1/targeted-annotation/ensembl-115/Homo_sapiens.GRCh38.115.chr9.gff3.fastvep.cache	14289957	b7716382da1ded62bcc9bb6251baf7941410fab33af3ff477fd9d66984102621	2026-09-14T05:14:12+00:00
s3://sebat-genomics-work/resources/rare-variant-pipeline/v1/targeted-annotation/ensembl-115/Homo_sapiens.GRCh38.115.chrX.gff3	38977595	edab5137c07411cc4b35e1eb31b6ce707ea08d7a9ed24ff9c346a5651bb213b8	2026-09-14T05:14:13+00:00
s3://sebat-genomics-work/resources/rare-variant-pipeline/v1/targeted-annotation/ensembl-115/Homo_sapiens.GRCh38.115.chrX.gff3.fastvep.cache	12024355	c89895f40944929808255296dfe023c5c4d7c436c3aaf1ba5096787b27bdfc25	2026-09-14T05:14:13+00:00
s3://sebat-genomics-work/resources/rare-variant-pipeline/v1/targeted-annotation/ensembl-115/Homo_sapiens.GRCh38.115.chrY.gff3	3769626	7f2285a30ef47af879d623c5850dfad5fa81c81e0216a919fe8ee7d7cf8e26c6	2026-09-14T05:14:14+00:00
s3://sebat-genomics-work/resources/rare-variant-pipeline/v1/targeted-annotation/ensembl-115/Homo_sapiens.GRCh38.115.chrY.gff3.fastvep.cache	415381	d8b8419575db741cc4ab9b242746360bbd8820f981da794f1ae684771c62169d	2026-09-14T05:14:14+00:00
s3://sebat-genomics-work/resources/rare-variant-pipeline/v1/targeted-annotation/ensembl-115/Homo_sapiens.GRCh38.dna.primary_assembly.fa	3139742371	ec0fd649a3baa1793e20f31aaa626d9a9f1a48c0033ed5b9557fdab822e1c90f	2026-09-14T05:14:42+00:00
s3://sebat-genomics-work/resources/rare-variant-pipeline/v1/targeted-annotation/ensembl-115/Homo_sapiens.GRCh38.dna.primary_assembly.fa.fai	689	0266242b50bafafef5e6acc960e34f512bb71d23f7c0aec91933f06395364788	2026-09-14T05:14:50+00:00
s3://sebat-genomics-work/resources/rare-variant-pipeline/v1/targeted-annotation/ensembl-115/vep115.consequence-ranks.tsv	1040	cfcb59609de6e02e7e461d5770dd20b96c8e92d35578305ae080c41eba72ddbf	2026-09-14T05:14:50+00:00
s3://sebat-genomics-work/resources/rare-variant-pipeline/v1/targeted-annotation/ensembl-115/vep115.transcript-priority.tsv	22466432	dda1e7a59c6c8b5f78a1176ab1764a657dcf4d0ea7dc4ddc0304e7e624dac94d	2026-09-14T05:14:50+00:00
s3://sebat-genomics-work/resources/rare-variant-pipeline/v1/transfer-receipts/RESOURCE_SHA256SUMS.pre-repair-20260914	14431	NOT_IN_LOADED_MANIFEST	2026-09-14T18:16:09+00:00
s3://sebat-genomics-work/resources/rare-variant-pipeline/v1/transfer-receipts/fsx-copy-20260913.json	26916	NOT_IN_LOADED_MANIFEST	2026-09-14T05:14:51+00:00
